{
"skeleton": { "hash": "7V0mu5W1Pvp5nTgsfWKfD+zyIMg", "spine": "3.6.50", "width": 360.11, "height": 549.98, "images": "./ASSETS/" },
"bones": [
	{ "name": "root" },
	{ "name": "kizi_body", "parent": "root", "length": 189.43, "rotation": 90.22, "x": 3.13, "y": 2.18 },
	{ "name": "kizi_arm_01", "parent": "kizi_body", "length": 60.96, "rotation": -124.1, "x": 183.39, "y": -65.05 },
	{ "name": "kizi_arm_02", "parent": "kizi_arm_01", "length": 41.49, "rotation": 101.34, "x": 60.96 },
	{ "name": "kizi_arm_side", "parent": "kizi_body", "length": 65.73, "rotation": 140.14, "x": 186.1, "y": 75.21 },
	{ "name": "kizi_face", "parent": "kizi_body", "length": 248.8, "rotation": 1.28, "x": 189.43 },
	{ "name": "kizi_eye", "parent": "kizi_face", "x": 134.7, "y": -20.88 },
	{ "name": "kizi_eyeball", "parent": "kizi_eye", "x": -0.09, "y": -3.61 },
	{ "name": "kizi_hand", "parent": "kizi_arm_02", "length": 48.96, "rotation": 6.25, "x": 41.49 },
	{ "name": "kizi_mouth", "parent": "kizi_face", "length": 45.41, "rotation": 169.34, "x": 49.49, "y": 11.72 },
	{ "name": "kizi_spike_01", "parent": "kizi_face", "length": 93.52, "rotation": 22.69, "x": 200.29, "y": 53.34 },
	{ "name": "kizi_spike_02", "parent": "kizi_face", "length": 83.47, "rotation": 74.47, "x": 122.55, "y": 67.67 },
	{ "name": "kizi_tail", "parent": "kizi_body", "length": 111.18, "rotation": 104.09, "x": 50.88, "y": 70.66 }
],
"slots": [
	{ "name": "kizi_shadow", "bone": "root", "attachment": "kizi_shadow" },
	{ "name": "kizi_spike_02", "bone": "kizi_spike_02", "attachment": "kizi_spike_02" },
	{ "name": "kizi_spike_01", "bone": "kizi_spike_01", "attachment": "kizi_spike_01" },
	{ "name": "kizi_tail", "bone": "kizi_tail", "attachment": "kizi_tail" },
	{ "name": "kizi_arm_01", "bone": "kizi_arm_01", "attachment": "kizi_arm_01" },
	{ "name": "kizi_arm_02", "bone": "kizi_arm_02", "attachment": "kizi_arm_02" },
	{ "name": "kizi_hand", "bone": "kizi_hand", "attachment": "kizi_hand" },
	{ "name": "kizi_body", "bone": "kizi_body", "attachment": "kizi_body" },
	{ "name": "kizi_arm_side", "bone": "kizi_arm_side", "attachment": "kizi_arm_side" },
	{ "name": "kizi_face", "bone": "kizi_face", "attachment": "kizi_face" },
	{ "name": "kizi_mouth", "bone": "kizi_mouth", "attachment": "kizi_mouth" },
	{ "name": "kizi_eyewhite", "bone": "kizi_eye", "attachment": "kizi_eyewhite" },
	{ "name": "kizi_eyeball", "bone": "kizi_eyeball", "attachment": "kizi_eyeball" },
	{ "name": "kizi_eyeclose_01", "bone": "kizi_eye" }
],
"skins": {
	"default": {
		"kizi_arm_01": {
			"kizi_arm_01": { "x": 27.85, "y": -1.39, "rotation": 33.88, "width": 98, "height": 80 }
		},
		"kizi_arm_02": {
			"kizi_arm_02": { "x": 21.62, "y": -9.19, "rotation": -67.46, "width": 60, "height": 74 }
		},
		"kizi_arm_side": {
			"kizi_arm_side": { "x": 44.89, "y": 11.63, "rotation": 129.64, "width": 72, "height": 130 }
		},
		"kizi_body": {
			"kizi_body": { "x": 120.56, "y": -4.04, "rotation": -90.22, "width": 186, "height": 260 }
		},
		"kizi_eyeball": {
			"kizi_eyeball": { "x": 1.91, "y": -0.26, "rotation": -91.5, "width": 62, "height": 76 }
		},
		"kizi_eyeclose_01": {
			"kizi_eyeclose_01": { "x": 5.35, "y": -0.59, "rotation": -91.5, "width": 142, "height": 146 },
			"kizi_eyeclose_02": { "x": 5.28, "y": -0.86, "rotation": -91.5, "width": 142, "height": 146 },
			"kizi_eyeclose_03": { "x": 4.71, "y": -0.81, "rotation": -91.5, "width": 142, "height": 148 },
			"kizi_eyeclose_04": { "x": 4.27, "y": -0.35, "scaleX": 1.009, "scaleY": 1.009, "rotation": -91.5, "width": 142, "height": 142 }
		},
		"kizi_eyewhite": {
			"kizi_eyewhite": { "x": 6.06, "y": -0.53, "rotation": -91.5, "width": 152, "height": 154 }
		},
		"kizi_face": {
			"kizi_face": { "x": 159.08, "y": -7.96, "rotation": -91.5, "width": 272, "height": 346 }
		},
		"kizi_hand": {
			"kizi_hand": { "x": 29.28, "y": 2.03, "rotation": -73.71, "width": 72, "height": 64 }
		},
		"kizi_mouth": {
			"kizi_mouth": { "x": 17.13, "y": 26.71, "rotation": 99.16, "width": 138, "height": 86 }
		},
		"kizi_shadow": {
			"kizi_shadow": { "x": -39.22, "y": 6.73, "rotation": 2.43, "width": 278, "height": 54 }
		},
		"kizi_spike_01": {
			"kizi_spike_01": { "x": 28.88, "y": -19.84, "rotation": -114.19, "width": 118, "height": 120 }
		},
		"kizi_spike_02": {
			"kizi_spike_02": { "x": 22.21, "y": -6.91, "rotation": -165.96, "width": 122, "height": 154 }
		},
		"kizi_tail": {
			"kizi_tail": { "x": 31.34, "y": -23.26, "rotation": 165.69, "width": 160, "height": 118 }
		}
	}
},
"animations": {
	"idle": {
		"slots": {
			"kizi_arm_01": {
				"attachment": [
					{ "time": 0, "name": "kizi_arm_01" },
					{ "time": 0.6667, "name": "kizi_arm_01" },
					{ "time": 1.3333, "name": "kizi_arm_01" },
					{ "time": 2, "name": "kizi_arm_01" }
				]
			},
			"kizi_arm_02": {
				"attachment": [
					{ "time": 0, "name": "kizi_arm_02" },
					{ "time": 0.7, "name": "kizi_arm_02" },
					{ "time": 1.3667, "name": "kizi_arm_02" },
					{ "time": 2, "name": "kizi_arm_02" }
				]
			},
			"kizi_arm_side": {
				"attachment": [
					{ "time": 0, "name": "kizi_arm_side" },
					{ "time": 1.1333, "name": "kizi_arm_side" },
					{ "time": 2, "name": "kizi_arm_side" }
				]
			},
			"kizi_body": {
				"attachment": [
					{ "time": 0, "name": "kizi_body" },
					{ "time": 1, "name": "kizi_body" },
					{ "time": 2, "name": "kizi_body" }
				]
			},
			"kizi_eyeball": {
				"attachment": [
					{ "time": 0, "name": "kizi_eyeball" },
					{ "time": 2, "name": "kizi_eyeball" }
				]
			},
			"kizi_eyeclose_01": {
				"attachment": [
					{ "time": 0, "name": null },
					{ "time": 1, "name": null },
					{ "time": 1.3667, "name": "kizi_eyeclose_01" },
					{ "time": 1.4, "name": "kizi_eyeclose_02" },
					{ "time": 1.4333, "name": "kizi_eyeclose_03" },
					{ "time": 1.4667, "name": "kizi_eyeclose_04" },
					{ "time": 1.5667, "name": "kizi_eyeclose_03" },
					{ "time": 1.6, "name": "kizi_eyeclose_02" },
					{ "time": 1.6333, "name": null },
					{ "time": 2, "name": null }
				]
			},
			"kizi_eyewhite": {
				"attachment": [
					{ "time": 0, "name": "kizi_eyewhite" },
					{ "time": 1, "name": "kizi_eyewhite" },
					{ "time": 2, "name": "kizi_eyewhite" }
				]
			},
			"kizi_face": {
				"attachment": [
					{ "time": 0, "name": "kizi_face" },
					{ "time": 1.2333, "name": "kizi_face" },
					{ "time": 2, "name": "kizi_face" }
				]
			},
			"kizi_hand": {
				"attachment": [
					{ "time": 0, "name": "kizi_hand" },
					{ "time": 0.7667, "name": "kizi_hand" },
					{ "time": 1.4, "name": "kizi_hand" },
					{ "time": 2, "name": "kizi_hand" }
				]
			},
			"kizi_mouth": {
				"attachment": [
					{ "time": 0, "name": "kizi_mouth" },
					{ "time": 0.6667, "name": "kizi_mouth" },
					{ "time": 2, "name": "kizi_mouth" }
				]
			},
			"kizi_shadow": {
				"attachment": [
					{ "time": 0, "name": "kizi_shadow" },
					{ "time": 1, "name": "kizi_shadow" },
					{ "time": 2, "name": "kizi_shadow" }
				]
			},
			"kizi_spike_01": {
				"attachment": [
					{ "time": 0, "name": "kizi_spike_01" },
					{ "time": 1, "name": "kizi_spike_01" },
					{ "time": 2, "name": "kizi_spike_01" }
				]
			},
			"kizi_spike_02": {
				"attachment": [
					{ "time": 0, "name": "kizi_spike_02" },
					{ "time": 1, "name": "kizi_spike_02" },
					{ "time": 2, "name": "kizi_spike_02" }
				]
			},
			"kizi_tail": {
				"attachment": [
					{ "time": 0, "name": "kizi_tail" },
					{ "time": 1, "name": "kizi_tail" },
					{ "time": 2, "name": "kizi_tail" }
				]
			}
		},
		"bones": {
			"root": {
				"rotate": [
					{ "time": 0, "angle": 0, "curve": "stepped" },
					{ "time": 1, "angle": 0, "curve": "stepped" },
					{ "time": 2, "angle": 0 }
				],
				"translate": [
					{ "time": 0, "x": 0, "y": 0, "curve": "stepped" },
					{ "time": 1, "x": 0, "y": 0, "curve": "stepped" },
					{ "time": 2, "x": 0, "y": 0 }
				],
				"scale": [
					{ "time": 0, "x": 1, "y": 1, "curve": "stepped" },
					{ "time": 1, "x": 1, "y": 1, "curve": "stepped" },
					{ "time": 2, "x": 1, "y": 1 }
				]
			},
			"kizi_body": {
				"rotate": [
					{ "time": 0, "angle": 0, "curve": "stepped" },
					{ "time": 1, "angle": 0, "curve": "stepped" },
					{ "time": 2, "angle": 0 }
				],
				"translate": [
					{ "time": 0, "x": 0, "y": 0, "curve": "stepped" },
					{ "time": 1, "x": 0, "y": 0, "curve": "stepped" },
					{ "time": 2, "x": 0, "y": 0 }
				],
				"scale": [
					{
						"time": 0,
						"x": 1,
						"y": 1,
						"curve": [ 0.25, 0, 0.75, 1 ]
					},
					{
						"time": 1,
						"x": 1.018,
						"y": 1.009,
						"curve": [ 0.25, 0, 0.75, 1 ]
					},
					{ "time": 2, "x": 1, "y": 1 }
				]
			},
			"kizi_face": {
				"rotate": [
					{
						"time": 0,
						"angle": 0,
						"curve": [ 0.25, 0, 0.75, 1 ]
					},
					{
						"time": 1.2333,
						"angle": 1.28,
						"curve": [ 0.25, 0, 0.75, 1 ]
					},
					{ "time": 2, "angle": 0 }
				],
				"translate": [
					{
						"time": 0,
						"x": 0,
						"y": 0,
						"curve": [ 0.25, 0, 0.75, 1 ]
					},
					{
						"time": 1.2333,
						"x": -2.68,
						"y": 3.15,
						"curve": [ 0.25, 0, 0.75, 1 ]
					},
					{ "time": 2, "x": 0, "y": 0 }
				],
				"scale": [
					{ "time": 0, "x": 1, "y": 1, "curve": "stepped" },
					{ "time": 1.2333, "x": 1, "y": 1, "curve": "stepped" },
					{ "time": 2, "x": 1, "y": 1 }
				]
			},
			"kizi_arm_side": {
				"rotate": [
					{
						"time": 0,
						"angle": 0,
						"curve": [ 0.25, 0, 0.75, 1 ]
					},
					{
						"time": 1.1333,
						"angle": 1.61,
						"curve": [ 0.25, 0, 0.75, 1 ]
					},
					{ "time": 2, "angle": 0 }
				],
				"translate": [
					{
						"time": 0,
						"x": -5.53,
						"y": 0.02,
						"curve": [ 0.25, 0, 0.75, 1 ]
					},
					{
						"time": 1.1333,
						"x": -9.51,
						"y": 0.82,
						"curve": [ 0.25, 0, 0.75, 1 ]
					},
					{ "time": 2, "x": -5.53, "y": 0.02 }
				],
				"scale": [
					{ "time": 0, "x": 1, "y": 1, "curve": "stepped" },
					{ "time": 1.1333, "x": 1, "y": 1, "curve": "stepped" },
					{ "time": 2, "x": 1, "y": 1 }
				]
			},
			"kizi_tail": {
				"rotate": [
					{
						"time": 0,
						"angle": 0,
						"curve": [ 0.25, 0, 0.75, 1 ]
					},
					{
						"time": 1,
						"angle": 1.03,
						"curve": [ 0.25, 0, 0.75, 1 ]
					},
					{ "time": 2, "angle": 0 }
				],
				"translate": [
					{
						"time": 0,
						"x": 0,
						"y": 0,
						"curve": [ 0.25, 0, 0.75, 1 ]
					},
					{
						"time": 1,
						"x": -0.02,
						"y": -6.51,
						"curve": [ 0.25, 0, 0.75, 1 ]
					},
					{ "time": 2, "x": 0, "y": 0 }
				],
				"scale": [
					{
						"time": 0,
						"x": 1,
						"y": 1,
						"curve": [ 0.25, 0, 0.75, 1 ]
					},
					{
						"time": 1,
						"x": 0.962,
						"y": 1,
						"curve": [ 0.25, 0, 0.75, 1 ]
					},
					{ "time": 2, "x": 1, "y": 1 }
				]
			},
			"kizi_arm_01": {
				"rotate": [
					{
						"time": 0,
						"angle": -5.78,
						"curve": [ 0.25, 0, 0.75, 1 ]
					},
					{
						"time": 0.3333,
						"angle": 10.32,
						"curve": [ 0.25, 0, 0.75, 1 ]
					},
					{
						"time": 0.6667,
						"angle": -5.78,
						"curve": [ 0.25, 0, 0.75, 1 ]
					},
					{
						"time": 1,
						"angle": 10.32,
						"curve": [ 0.25, 0, 0.75, 1 ]
					},
					{
						"time": 1.3333,
						"angle": -5.78,
						"curve": [ 0.25, 0, 0.75, 1 ]
					},
					{
						"time": 1.6667,
						"angle": 10.32,
						"curve": [ 0.25, 0, 0.75, 1 ]
					},
					{ "time": 2, "angle": -5.78 }
				],
				"translate": [
					{ "time": 0, "x": 0, "y": 0, "curve": "stepped" },
					{ "time": 0.3333, "x": 0, "y": 0, "curve": "stepped" },
					{ "time": 0.6667, "x": 0, "y": 0, "curve": "stepped" },
					{ "time": 1, "x": 0, "y": 0, "curve": "stepped" },
					{ "time": 1.3333, "x": 0, "y": 0, "curve": "stepped" },
					{ "time": 1.6667, "x": 0, "y": 0, "curve": "stepped" },
					{ "time": 2, "x": 0, "y": 0 }
				],
				"scale": [
					{ "time": 0, "x": 1, "y": 1, "curve": "stepped" },
					{ "time": 0.3333, "x": 1, "y": 1, "curve": "stepped" },
					{ "time": 0.6667, "x": 1, "y": 1, "curve": "stepped" },
					{ "time": 1, "x": 1, "y": 1, "curve": "stepped" },
					{ "time": 1.3333, "x": 1, "y": 1, "curve": "stepped" },
					{ "time": 1.6667, "x": 1, "y": 1, "curve": "stepped" },
					{ "time": 2, "x": 1, "y": 1 }
				]
			},
			"kizi_arm_02": {
				"rotate": [
					{
						"time": 0,
						"angle": -13.26,
						"curve": [ 0.25, 0, 0.75, 1 ]
					},
					{
						"time": 0.3667,
						"angle": 10.54,
						"curve": [ 0.25, 0, 0.75, 1 ]
					},
					{
						"time": 0.7,
						"angle": -13.26,
						"curve": [ 0.25, 0, 0.75, 1 ]
					},
					{
						"time": 1.0333,
						"angle": 10.54,
						"curve": [ 0.25, 0, 0.75, 1 ]
					},
					{
						"time": 1.3667,
						"angle": -13.26,
						"curve": [ 0.25, 0, 0.75, 1 ]
					},
					{
						"time": 1.7,
						"angle": 10.54,
						"curve": [ 0.25, 0, 0.75, 1 ]
					},
					{ "time": 2, "angle": -13.26 }
				],
				"translate": [
					{ "time": 0, "x": 0, "y": 0, "curve": "stepped" },
					{ "time": 0.3667, "x": 0, "y": 0, "curve": "stepped" },
					{ "time": 0.7, "x": 0, "y": 0, "curve": "stepped" },
					{ "time": 1.0333, "x": 0, "y": 0, "curve": "stepped" },
					{ "time": 1.3667, "x": 0, "y": 0, "curve": "stepped" },
					{ "time": 1.7, "x": 0, "y": 0, "curve": "stepped" },
					{ "time": 2, "x": 0, "y": 0 }
				],
				"scale": [
					{ "time": 0, "x": 1, "y": 1, "curve": "stepped" },
					{ "time": 0.3667, "x": 1, "y": 1, "curve": "stepped" },
					{ "time": 0.7, "x": 1, "y": 1, "curve": "stepped" },
					{ "time": 1.0333, "x": 1, "y": 1, "curve": "stepped" },
					{ "time": 1.3667, "x": 1, "y": 1, "curve": "stepped" },
					{ "time": 1.7, "x": 1, "y": 1, "curve": "stepped" },
					{ "time": 2, "x": 1, "y": 1 }
				]
			},
			"kizi_hand": {
				"rotate": [
					{
						"time": 0,
						"angle": -19.13,
						"curve": [ 0.25, 0, 0.75, 1 ]
					},
					{
						"time": 0.4333,
						"angle": 14.17,
						"curve": [ 0.25, 0, 0.75, 1 ]
					},
					{
						"time": 0.7667,
						"angle": -19.13,
						"curve": [ 0.25, 0, 0.75, 1 ]
					},
					{
						"time": 1.0667,
						"angle": 14.17,
						"curve": [ 0.25, 0, 0.75, 1 ]
					},
					{
						"time": 1.4,
						"angle": -19.13,
						"curve": [ 0.25, 0, 0.75, 1 ]
					},
					{
						"time": 1.7667,
						"angle": 14.17,
						"curve": [ 0.25, 0, 0.75, 1 ]
					},
					{ "time": 2, "angle": -19.13 }
				],
				"translate": [
					{
						"time": 0,
						"x": -0.34,
						"y": 4.15,
						"curve": [ 0.25, 0, 0.75, 1 ]
					},
					{
						"time": 0.4333,
						"x": -2.41,
						"y": -2.56,
						"curve": [ 0.25, 0, 0.75, 1 ]
					},
					{
						"time": 0.7667,
						"x": -0.34,
						"y": 4.15,
						"curve": [ 0.25, 0, 0.75, 1 ]
					},
					{
						"time": 1.0667,
						"x": -2.41,
						"y": -2.56,
						"curve": [ 0.25, 0, 0.75, 1 ]
					},
					{
						"time": 1.4,
						"x": -0.34,
						"y": 4.15,
						"curve": [ 0.25, 0, 0.75, 1 ]
					},
					{
						"time": 1.7667,
						"x": -2.41,
						"y": -2.56,
						"curve": [ 0.25, 0, 0.75, 1 ]
					},
					{ "time": 2, "x": -0.34, "y": 4.15 }
				],
				"scale": [
					{ "time": 0, "x": 1, "y": 1, "curve": "stepped" },
					{ "time": 0.4333, "x": 1, "y": 1, "curve": "stepped" },
					{ "time": 0.7667, "x": 1, "y": 1, "curve": "stepped" },
					{ "time": 1.0667, "x": 1, "y": 1, "curve": "stepped" },
					{ "time": 1.4, "x": 1, "y": 1, "curve": "stepped" },
					{ "time": 1.7667, "x": 1, "y": 1, "curve": "stepped" },
					{ "time": 2, "x": 1, "y": 1 }
				]
			},
			"kizi_mouth": {
				"rotate": [
					{
						"time": 0,
						"angle": 0,
						"curve": [ 0.25, 0, 0.75, 1 ]
					},
					{
						"time": 0.6667,
						"angle": 1.29,
						"curve": [ 0.25, 0, 0.75, 1 ]
					},
					{ "time": 2, "angle": 0 }
				],
				"translate": [
					{
						"time": 0,
						"x": 0,
						"y": 0,
						"curve": [ 0.25, 0, 0.75, 1 ]
					},
					{
						"time": 0.6667,
						"x": -1.79,
						"y": 0.09,
						"curve": [ 0.25, 0, 0.75, 1 ]
					},
					{ "time": 2, "x": 0, "y": 0 }
				],
				"scale": [
					{
						"time": 0,
						"x": 1,
						"y": 1,
						"curve": [ 0.25, 0, 0.75, 1 ]
					},
					{
						"time": 0.6667,
						"x": 0.729,
						"y": 1,
						"curve": [ 0.25, 0, 0.75, 1 ]
					},
					{ "time": 2, "x": 1, "y": 1 }
				]
			},
			"kizi_eye": {
				"rotate": [
					{ "time": 0, "angle": 0, "curve": "stepped" },
					{ "time": 1, "angle": 0, "curve": "stepped" },
					{ "time": 2, "angle": 0 }
				],
				"translate": [
					{
						"time": 0,
						"x": 0,
						"y": 0,
						"curve": [ 0.25, 0, 0.75, 1 ]
					},
					{
						"time": 1,
						"x": 1.79,
						"y": -0.09,
						"curve": [ 0.25, 0, 0.75, 1 ]
					},
					{ "time": 2, "x": 0, "y": 0 }
				],
				"scale": [
					{ "time": 0, "x": 1, "y": 1, "curve": "stepped" },
					{ "time": 1, "x": 1, "y": 1, "curve": "stepped" },
					{
						"time": 1.3333,
						"x": 1,
						"y": 1,
						"curve": [ 0.25, 0, 0.75, 1 ]
					},
					{ "time": 1.4667, "x": 0.914, "y": 1.009, "curve": "stepped" },
					{
						"time": 1.5333,
						"x": 0.914,
						"y": 1.009,
						"curve": [ 0.25, 0, 0.75, 1 ]
					},
					{ "time": 1.6333, "x": 1, "y": 1, "curve": "stepped" },
					{ "time": 2, "x": 1, "y": 1 }
				]
			},
			"kizi_eyeball": {
				"rotate": [
					{ "time": 0, "angle": 0, "curve": "stepped" },
					{ "time": 2, "angle": 0 }
				],
				"translate": [
					{
						"time": 0,
						"x": 0,
						"y": 0,
						"curve": [ 0.25, 0, 0.75, 1 ]
					},
					{
						"time": 1,
						"x": -1.63,
						"y": 2.73,
						"curve": [ 0.25, 0, 0.75, 1 ]
					},
					{ "time": 2, "x": 0, "y": 0 }
				],
				"scale": [
					{ "time": 0, "x": 1, "y": 1, "curve": "stepped" },
					{ "time": 2, "x": 1, "y": 1 }
				]
			},
			"kizi_spike_01": {
				"rotate": [
					{
						"time": 0,
						"angle": 0,
						"curve": [ 0.25, 0, 0.75, 1 ]
					},
					{
						"time": 1,
						"angle": 5.87,
						"curve": [ 0.25, 0, 0.75, 1 ]
					},
					{ "time": 2, "angle": 0 }
				],
				"translate": [
					{
						"time": 0,
						"x": 0,
						"y": 0,
						"curve": [ 0.25, 0, 0.75, 1 ]
					},
					{
						"time": 1,
						"x": -8.67,
						"y": 2.17,
						"curve": [ 0.25, 0, 0.75, 1 ]
					},
					{ "time": 2, "x": 0, "y": 0 }
				],
				"scale": [
					{ "time": 0, "x": 1, "y": 1, "curve": "stepped" },
					{ "time": 1, "x": 1, "y": 1, "curve": "stepped" },
					{ "time": 2, "x": 1, "y": 1 }
				]
			},
			"kizi_spike_02": {
				"rotate": [
					{
						"time": 0,
						"angle": 0,
						"curve": [ 0.25, 0, 0.75, 1 ]
					},
					{
						"time": 1,
						"angle": 3.25,
						"curve": [ 0.25, 0, 0.75, 1 ]
					},
					{ "time": 2, "angle": 0 }
				],
				"translate": [
					{
						"time": 0,
						"x": 0,
						"y": 0,
						"curve": [ 0.25, 0, 0.75, 1 ]
					},
					{
						"time": 1,
						"x": -10.49,
						"y": 0.5,
						"curve": [ 0.25, 0, 0.75, 1 ]
					},
					{ "time": 2, "x": 0, "y": 0 }
				],
				"scale": [
					{ "time": 0, "x": 1, "y": 1, "curve": "stepped" },
					{ "time": 1, "x": 1, "y": 1, "curve": "stepped" },
					{ "time": 2, "x": 1, "y": 1 }
				]
			}
		},
		"drawOrder": [
			{ "time": 0 },
			{ "time": 0.6667 },
			{ "time": 1.3333 },
			{ "time": 2 }
		]
	}
}
}